day,collection_time,total_houses,houses_ready
D1,08:25,12,12
D2,08:42,12,10
D3,09:05,12,8
D4,09:40,12,6
D5,08:50,12,9
D6,09:15,12,7
D7,08:35,12,11
D8,08:22,12,12
D9,08:58,12,8
D10,09:58,12,5
D11,08:48,12,10
D12,08:55,12,9
D13,08:27,12,12
D14,09:18,12,7
D15,09:32,12,6
D16,08:40,12,11
D17,09:02,12,8
D18,08:48,12,9
D19,,12,5
D20,08:24,12,12
D21,08:45,12,10
D22,09:22,12,7
D23,09:00,12,8
D24,08:38,12,11
D25,09:38,12,6
D26,08:52,12,9
D27,08:26,12,12
D28,09:05,12,8
D29,09:16,12,7
D30,08:46,12,10
D31,08:42,12,11
